{
  "posts": [
    {
      "id": 1,
      "title": "json-server",
      "author": "typicode"
    }
  ],
  "comments": [
    {
      "id": 1,
      "body": "some comment",
      "postId": 1
    }
  ],
  "profile": {
    "name": "typicode"
  },
  "topics":[
    {
      "age": 27,
      "status": "current",
      "date": "09/27/2018",
      "name": "Sally Quinn",
      "salary": "$19586.23",
      "email": "eebsworth2m@sbwire.com",
      "designation": "Human Resources Assistant",
      "id": 1
    },
    {
      "age": 336,
      "status": "current",
      "date": "09/27/2018",
      "name": "Sally Quinn",
      "salary": "$19586.23",
      "email": "ejlee@sbwire.com",
      "designation": "Human Resources Assistant",
      "id": 2
    }]
}