{
  "topics": [
    {
      "id": 1,
      "title": "About",
      "body": "About :D"
    },
    {
      "title": "History",
      "body": "History :D",
      "id": 2
    },
    {
      "title": "Contact",
      "body": ":)",
      "id": 3
    },
    {
      "title": "Menu",
      "body": "XD",
      "id": 4
    },
    {
      "title": "Test",
      "body": "Test:D",
      "id": 5
    },
    {
      "title": "Test2",
      "body": "Test2 :D",
      "id": 6
    },
    {
      "title": "Create",
      "body": "Create Test",
      "id": 7
    }
  ],
  "comments": [
    {
      "id": 1,
      "body": "some comment",
      "postId": 1
    }
  ],
  "profile": {
    "name": "typicode"
  }
}